<FluentXMLReport>
<version>
Fluent
Version: 3d, dp, pbns (3d, double precision, pressure-based, inviscid)
Release: 22.2.0
Title: 
</version>

<Models>

Models
------

   Model                        Settings   
   -------------------------------------
   Space                        3D         
   Time                         Steady     
   Viscous                      Inviscid   
   Heat Transfer                Disabled   
   Solidification and Melting   Disabled   
   Species                      Disabled   
   Coupled Dispersed Phase      Disabled   
   NOx Pollutants               Disabled   
   SOx Pollutants               Disabled   
   Soot                         Disabled   
   Mercury Pollutants           Disabled   
   Structure                    Disabled   
   Acoustics                    Disabled   
   Eulerian Wall Film           Disabled   
   Potential/Li-ion Battery     Disabled   
   Multiphase                   Disabled   

</Models>

<MaterialProperties>
Material Properties
-------------------

   Material: air (fluid)

      Property             Units      Method     Value(s)   
      ---------------------------------------------------
      Density              kg/m^3     constant   1.225      
      Cp (Specific Heat)   J/(kg K)   constant   1006.43    
      Molecular Weight     kg/kmol    constant   28.966     

   Material: aluminum (solid)

      Property   Units   Method   Value(s)   
      ------------------------------------

</MaterialProperties>

<CellZoneConditions>
Cell Zone Conditions
--------------------

   Zones

      name          id   type    
      ------------------------
      solid         4    solid   
      fluid-solid   5    fluid   

   Setup Conditions

      solid

         Condition       Value   
         ---------------------
         Frame Motion?   no      

      fluid-solid

         Condition       Value   
         ---------------------
         Frame Motion?   no      

</CellZoneConditions>

<BoundaryConditions>
Boundary Conditions
-------------------

   Zones

      name                 id   type              
      -----------------------------------------
      wall-7-shadow        15   wall              
      wall-7               7    wall              
      wall-14              14   wall              
      wall-13              13   wall              
      wall-solid           1    wall              
      inlet                8    velocity-inlet    
      outlet               9    pressure-outlet   
      wall                 10   wall              
      contact_region-src   11   interface         
      contact_region-trg   12   interface         

   Setup Conditions

      wall-7-shadow

         Condition   Value   
         -----------------

      wall-7

         Condition   Value   
         -----------------

      wall-14

         Condition   Value   
         -----------------

      wall-13

         Condition   Value   
         -----------------

      wall-solid

         Condition   Value   
         -----------------

      inlet

         Condition                                Value     
         ------------------------------------------------
         Velocity Magnitude [m/s]                 1         
         Supersonic/Initial Gauge Pressure [Pa]   1000000   

      outlet

         Condition   Value   
         -----------------

      wall

         Condition   Value   
         -----------------

      contact_region-src

         Condition   Value     
         -------------------
                     wall-13   

      contact_region-trg

         Condition   Value     
         -------------------
                     wall-14   

</BoundaryConditions>

<SolverSettings>
Solver Settings
---------------

   Equations

      Equation   Solved   
      -----------------
      Flow       yes      

   Numerics

      Numeric                         Enabled   
      ---------------------------------------
      Absolute Velocity Formulation   yes       

   Pseudo Time Explicit Relaxation Factors

      Variable            Relaxation Factor   
      -------------------------------------
      Density             1                   
      Body Forces         1                   
      Explicit Momentum   0.5                 
      Explicit Pressure   0.5                 

   Linear Solver

      Variable   Solver Type   Termination Criterion   Residual Reduction Tolerance   
      -----------------------------------------------------------------------------
      Flow       F-Cycle       0.1                                                    

   Pressure-Velocity Coupling

      Parameter                               Value     
      -----------------------------------------------
      Type                                    Coupled   
      Pseudo Time Method (Global Time Step)   yes       

   Discretization Scheme

      Variable   Scheme                
      ------------------------------
      Pressure   Second Order          
      Momentum   Second Order Upwind   

   Solution Limits

      Quantity                    Limit   
      ---------------------------------
      Minimum Absolute Pressure   1       
      Maximum Absolute Pressure   5e+10   
      Minimum Temperature         1       
      Maximum Temperature         5000    

</SolverSettings>

</FluentXMLReport>