<FluentXMLReport>
<version>
Fluent
Version: 3d, dp, pbns, lam (3d, double precision, pressure-based, laminar)
Release: 22.2.0
Title: 
</version>

<Models>

Models
------

   Model                        Settings   
   -------------------------------------
   Space                        3D         
   Time                         Steady     
   Viscous                      Laminar    
   Heat Transfer                Disabled   
   Solidification and Melting   Disabled   
   Species                      Disabled   
   Coupled Dispersed Phase      Disabled   
   NOx Pollutants               Disabled   
   SOx Pollutants               Disabled   
   Soot                         Disabled   
   Mercury Pollutants           Disabled   
   Structure                    Disabled   
   Acoustics                    Disabled   
   Eulerian Wall Film           Disabled   
   Potential/Li-ion Battery     Disabled   
   Multiphase                   Disabled   

</Models>

<MaterialProperties>
Material Properties
-------------------

   Material: air (fluid)

      Property               Units      Method     Value(s)     
      -------------------------------------------------------
      Density                kg/m^3     constant   1.225        
      Cp (Specific Heat)     J/(kg K)   constant   1006.43      
      Thermal Conductivity   W/(m K)    constant   0.0242       
      Viscosity              kg/(m s)   constant   1.7894e-05   
      Molecular Weight       kg/kmol    constant   28.966       

   Material: aluminum (solid)

      Property               Units      Method     Value(s)   
      -----------------------------------------------------
      Density                kg/m^3     constant   2719       
      Cp (Specific Heat)     J/(kg K)   constant   871        
      Thermal Conductivity   W/(m K)    constant   202.4      

</MaterialProperties>

<CellZoneConditions>
Cell Zone Conditions
--------------------

   Zones

      name    id   type    
      ------------------
      solid   2    fluid   

   Setup Conditions

      solid

         Condition       Value   
         ---------------------
         Frame Motion?   no      

</CellZoneConditions>

<BoundaryConditions>
Boundary Conditions
-------------------

   Zones

      name        id   type              
      --------------------------------
      outlet      5    pressure-outlet   
      inlet       6    velocity-inlet    
      wall        7    wall              
      car-model   8    wall              

   Setup Conditions

      outlet

         Condition   Value   
         -----------------

      inlet

         Condition                  Value   
         --------------------------------
         Velocity Magnitude [m/s]   50      

      wall

         Condition                  Value             
         ------------------------------------------
         Wall Motion                Stationary Wall   
         Shear Boundary Condition   No Slip           

      car-model

         Condition                  Value             
         ------------------------------------------
         Wall Motion                Stationary Wall   
         Shear Boundary Condition   No Slip           

</BoundaryConditions>

<SolverSettings>
Solver Settings
---------------

   Equations

      Equation   Solved   
      -----------------
      Flow       yes      

   Numerics

      Numeric                         Enabled   
      ---------------------------------------
      Absolute Velocity Formulation   yes       

   Pseudo Time Explicit Relaxation Factors

      Variable            Relaxation Factor   
      -------------------------------------
      Density             1                   
      Body Forces         1                   
      Explicit Momentum   0.5                 
      Explicit Pressure   0.5                 

   Linear Solver

      Variable   Solver Type   Termination Criterion   Residual Reduction Tolerance   
      -----------------------------------------------------------------------------
      Flow       F-Cycle       0.1                                                    

   Pressure-Velocity Coupling

      Parameter                               Value     
      -----------------------------------------------
      Type                                    Coupled   
      Pseudo Time Method (Global Time Step)   yes       

   Discretization Scheme

      Variable   Scheme                
      ------------------------------
      Pressure   Second Order          
      Momentum   Second Order Upwind   

   Solution Limits

      Quantity                    Limit   
      ---------------------------------
      Minimum Absolute Pressure   1       
      Maximum Absolute Pressure   5e+10   
      Minimum Temperature         1       
      Maximum Temperature         5000    

</SolverSettings>

</FluentXMLReport>